run,elapsed,cpu_user,cpu_nice,cpu_system,cpu_idle,cpu_iowait,cpu_irq,cpu_softirq,cpu_steal,cpu_guest,cpu_guest_nice,vm_nr_dirty
7,1000,0.670854271357,0.0,0.0276381909548,0.293969849246,0.00502512562814,0.0,0.00251256281407,0.0,0.0,0.0,359
7,2000,0.763590391909,0.0,0.0240202275601,0.208596713021,0.00252844500632,0.0,0.00126422250316,0.0,0.0,0.0,408
7,3000,0.793423271501,0.0,0.0210792580101,0.182124789207,0.00252951096121,0.0,0.000843170320405,0.0,0.0,0.0,426
7,4000,0.807716635041,0.0,0.0196078431373,0.169512966477,0.00189753320683,0.0,0.00126502213789,0.0,0.0,0.0,449
7,5000,0.815975733064,0.0,0.0202224469161,0.16026289181,0.00202224469161,0.0,0.00151668351871,0.0,0.0,0.0,467
7,6000,0.821247892074,0.0,0.0193929173693,0.156408094435,0.00168634064081,0.0,0.00126475548061,0.0,0.0,0.0,487
7,7000,0.826652221018,0.0,0.0191404839292,0.151679306609,0.00144456482485,0.0,0.00108342361863,0.0,0.0,0.0,507
7,8000,0.831070413641,0.0,0.0195768866435,0.14651089359,0.00157878118093,0.0,0.00126302494474,0.0,0.0,0.0,532
7,9000,0.834081976418,0.0,0.0190903986524,0.144020213363,0.00168444693992,0.0,0.00112296462661,0.0,0.0,0.0,549
7,10000,0.832659251769,0.0,0.0192113245703,0.145348837209,0.00176946410516,0.0,0.0010111223458,0.0,0.0,0.0,629
7,11000,0.833754886181,0.0,0.0190848470913,0.14417107381,0.0018395033341,0.0,0.00114968958381,0.0,0.0,0.0,648
7,12000,0.833192923336,0.0,0.0189553496209,0.144903117102,0.0016849199663,0.0,0.00126368997473,0.0,0.0,0.0,675
7,13000,0.834078972962,0.0,0.0188679245283,0.143940867535,0.00175063217273,0.0,0.00136160280101,0.0,0.0,0.0,110
7,14000,0.835831677804,0.0,0.0187827343327,0.142495936428,0.00162542893264,0.0,0.00126422250316,0.0,0.0,0.0,102
7,15000,0.837687510534,0.0,0.0185403674364,0.140906792516,0.00151693915389,0.0,0.00134839035901,0.0,0.0,0.0,122
7,16000,0.835835045031,0.0,0.018486332754,0.142834571022,0.00158002844051,0.0,0.00126402275241,0.0,0.0,0.0,145
7,17000,0.835911930973,0.0,0.0185956560547,0.1428146385,0.00148765248438,0.0,0.0011901219875,0.0,0.0,0.0,172
7,18000,0.836539811824,0.0,0.0185367223705,0.142114871507,0.0015447268642,0.0,0.00126386743435,0.0,0.0,0.0,192
7,19000,0.837456770418,0.0,0.0186219739292,0.141260973663,0.00146315509444,0.0,0.00119712689545,0.0,0.0,0.0,183
7,20000,0.837294563843,0.0,0.0185840707965,0.141213653603,0.00151706700379,0.0,0.00139064475348,0.0,0.0,0.0,243
7,21000,0.83678631655,0.0,0.018429294146,0.141893519634,0.00156588773789,0.0,0.00132498193206,0.0,0.0,0.0,280
7,22000,0.835498333142,0.0,0.0185078744683,0.142775031613,0.00172433613059,0.0,0.00149442464651,0.0,0.0,0.0,317
7,23000,0.836723474437,0.0,0.0185816382628,0.141616272677,0.00164925783397,0.0,0.00142935678944,0.0,0.0,0.0,336
7,24000,0.837758112094,0.0,0.0184365781711,0.140750105352,0.00158027812895,0.0,0.00147492625369,0.0,0.0,0.0,310
7,25000,0.838778193588,0.0,0.0184080105189,0.13967836553,0.00161828663902,0.0,0.00151714372408,0.0,0.0,0.0,334
7,26000,0.838988818668,0.0,0.0183762761303,0.139426349052,0.00165289256198,0.0,0.00155566358775,0.0,0.0,0.0,365
7,27000,0.837501170741,0.0,0.018263557179,0.140863538447,0.00177952608411,0.0,0.00159220754894,0.0,0.0,0.0,389
7,28000,0.832249322493,0.0,0.0184281842818,0.146070460705,0.00171635049684,0.0,0.00153568202349,0.0,0.0,0.0,412
7,29000,0.824914943732,0.0,0.0185815231615,0.153188519585,0.00174474395882,0.0,0.00157026956294,0.0,0.0,0.0,432
7,30000,0.81891025641,0.0,0.0188090418354,0.159075573549,0.00168690958165,0.0,0.00151821862348,0.0,0.0,0.0,453
7,31000,0.812749979594,0.0,0.0189372296139,0.164884499225,0.00171414578402,0.0,0.00171414578402,0.0,0.0,0.0,510
7,32000,0.806658231852,0.0,0.0189783330697,0.170884074015,0.00173968053139,0.0,0.00173968053139,0.0,0.0,0.0,542
7,33000,0.804434555777,0.0,0.0188737148995,0.173162498082,0.00176461562068,0.0,0.00176461562068,0.0,0.0,0.0,576
7,34000,0.798927613941,0.0,0.0189901697945,0.178507596068,0.0017873100983,0.0,0.0017873100983,0.0,0.0,0.0,590
7,35000,0.794328293424,0.0,0.0190262605802,0.183100629386,0.00173623670694,0.0,0.00180857990306,0.0,0.0,0.0,609
7,36000,0.78937741822,0.0,0.0190643686247,0.18804080197,0.00175870559268,0.0,0.00175870559268,0.0,0.0,0.0,633
7,37000,0.784843921139,0.0,0.0190991237678,0.192565717415,0.00171139101862,0.0,0.00177984665936,0.0,0.0,0.0,661
7,38000,0.780510564554,0.0,0.0190628540958,0.196893954542,0.00173298673599,0.0,0.00179964007199,0.0,0.0,0.0,679
7,39000,0.776485872036,0.0,0.0191620656057,0.200909386164,0.00168886001949,0.0,0.00175381617408,0.0,0.0,0.0,697
7,40000,0.773231139545,0.0,0.0191296636473,0.204218660924,0.00171026794198,0.0,0.00171026794198,0.0,0.0,0.0,720
7,41000,0.774942855378,0.0,0.0190276147526,0.202569963551,0.00172978315933,0.0,0.00172978315933,0.0,0.0,0.0,786
7,42000,0.776879937285,0.0,0.0191159621299,0.200627148284,0.00168847615027,0.0,0.00168847615027,0.0,0.0,0.0,814
7,43000,0.778288272368,0.0,0.019025740708,0.199328503269,0.00164929021617,0.0,0.00170819343818,0.0,0.0,0.0,62
7,44000,0.780041436464,0.0,0.0189341620626,0.197628913444,0.00166896869245,0.0,0.00172651933702,0.0,0.0,0.0,65
7,45000,0.781461053579,0.0,0.0189666816749,0.196251688429,0.00163214768122,0.0,0.00168842863575,0.0,0.0,0.0,86
7,46000,0.782635027253,0.0,0.0188845455046,0.19512195122,0.00165170951935,0.0,0.00170676650333,0.0,0.0,0.0,124
7,47000,0.783974566225,0.0,0.0188597909257,0.193878650717,0.00161655350792,0.0,0.00167043862485,0.0,0.0,0.0,139
7,48000,0.785503270732,0.0,0.0187803334037,0.192392909897,0.00163536611099,0.0,0.00168811985651,0.0,0.0,0.0,158
7,49000,0.786936075655,0.0,0.0187587204796,0.191049558162,0.00160198439357,0.0,0.00165366130949,0.0,0.0,0.0,178
7,50000,0.788474198612,0.0,0.0187370233453,0.18954777941,0.00156985871272,0.0,0.00167113991999,0.0,0.0,0.0,198
7,51000,0.789426656739,0.0,0.0187143211715,0.188533134773,0.00158848349466,0.0,0.00173740382229,0.0,0.0,0.0,256
7,52000,0.787769609036,0.0,0.0187935147768,0.190126101563,0.00160669944983,0.0,0.00170407517406,0.0,0.0,0.0,291
7,53000,0.78510699274,0.0,0.0188192586932,0.192682460833,0.00162399694306,0.0,0.00176729079098,0.0,0.0,0.0,325
7,54000,0.782003188596,0.0,0.0189440120041,0.195676638845,0.00164118915877,0.0,0.00173497139642,0.0,0.0,0.0,326
7,55000,0.783245109321,0.0,0.0188722669735,0.194522439586,0.00161104718067,0.0,0.00174913693901,0.0,0.0,0.0,362
7,56000,0.784584086799,0.0,0.018896925859,0.193128390597,0.00162748643761,0.0,0.00176311030741,0.0,0.0,0.0,381
7,57000,0.785815791811,0.0,0.0189626076916,0.191890931699,0.00159872102318,0.0,0.00173194777511,0.0,0.0,0.0,404
7,58000,0.786820859699,0.0,0.0189395592407,0.190879336679,0.00161466288457,0.0,0.00174558149684,0.0,0.0,0.0,421
7,59000,0.787852792314,0.0,0.0189156729862,0.189885905465,0.00158702925281,0.0,0.00175859998284,0.0,0.0,0.0,396
7,60000,0.788434771606,0.0,0.0189801341263,0.189253026277,0.00160276688177,0.0,0.00172930110928,0.0,0.0,0.0,460
7,61000,0.7895697631,0.0,0.0189188067875,0.188192341202,0.00157656723229,0.0,0.0017425216778,0.0,0.0,0.0,490
7,62000,0.79044042614,0.0,0.0188987305604,0.187313767909,0.00159190171027,0.0,0.00175517368056,0.0,0.0,0.0,526
7,63000,0.791323558948,0.0,0.0189596304479,0.186342639084,0.00160674834304,0.0,0.00176742317734,0.0,0.0,0.0,553
7,64000,0.792029100111,0.0,0.018899256682,0.185671358532,0.00162106594971,0.0,0.00177921872529,0.0,0.0,0.0,580
7,65000,0.791082554517,0.0,0.018808411215,0.186721183801,0.00159657320872,0.0,0.00179127725857,0.0,0.0,0.0,599
7,66000,0.788555210371,0.0,0.0187933877958,0.189237908948,0.00161086181107,0.0,0.00180263107429,0.0,0.0,0.0,628
7,67000,0.786934179702,0.0,0.0188165948764,0.190848635986,0.00162472606363,0.0,0.00177586337187,0.0,0.0,0.0,650
7,68000,0.787745681954,0.0,0.0188728409768,0.189956819535,0.00160065515188,0.0,0.00182400238237,0.0,0.0,0.0,60
7,69000,0.788751513373,0.0,0.0188208533588,0.189015665701,0.00157757640239,0.0,0.00183439116557,0.0,0.0,0.0,32
7,70000,0.78976676912,0.0,0.0188031097451,0.187994937624,0.00159103236304,0.0,0.00184415114807,0.0,0.0,0.0,53
7,71000,0.790717570313,0.0,0.018785869604,0.187074466189,0.00156845970128,0.0,0.00185363419242,0.0,0.0,0.0,114
7,72000,0.791499683611,0.0,0.0187724108838,0.18628278141,0.0015819447374,0.0,0.00186317935738,0.0,0.0,0.0,142
7,73000,0.792331160727,0.0,0.018790736375,0.185411177368,0.001594785744,0.0,0.00187213978644,0.0,0.0,0.0,175
7,74000,0.79313292979,0.0,0.0187750076947,0.184638008276,0.00157313361376,0.0,0.00188092062515,0.0,0.0,0.0,196
7,75000,0.793817911858,0.0,0.0187284875481,0.184011608288,0.00155227104002,0.0,0.00188972126611,0.0,0.0,0.0,215
7,76000,0.794519179542,0.0,0.0187466702184,0.183271177411,0.00156499733617,0.0,0.00189797549281,0.0,0.0,0.0,237
7,77000,0.795181910803,0.0,0.0187333618168,0.18263384494,0.00157754625826,0.0,0.00187333618168,0.0,0.0,0.0,257
7,78000,0.795587280986,0.0,0.0186891628812,0.182284231019,0.0015574302401,0.0,0.00188189487346,0.0,0.0,0.0,283
7,79000,0.79630993946,0.0,0.0186424933534,0.181620167206,0.00153752522502,0.0,0.00188987475576,0.0,0.0,0.0,304
7,80000,0.797210096793,0.0,0.0186309862719,0.180711077371,0.00154994622636,0.0,0.00189789333839,0.0,0.0,0.0,329
7,81000,0.796644588853,0.0,0.0186203449138,0.181298425394,0.00156210947263,0.0,0.00187453136716,0.0,0.0,0.0,395
7,82000,0.794530695392,0.0,0.018642550696,0.183400722245,0.00157412265811,0.0,0.00185190900954,0.0,0.0,0.0,428
7,83000,0.792663963167,0.0,0.0186907339086,0.185199865841,0.0015855108699,0.0,0.00185992621276,0.0,0.0,0.0,449
7,84000,0.792347092498,0.0,0.0187104549563,0.18547755348,0.00159686652606,0.0,0.00186803253992,0.0,0.0,0.0,472
7,85000,0.793092154236,0.0,0.0186988238797,0.184755099003,0.00157808545482,0.0,0.00187583742742,0.0,0.0,0.0,503
7,86000,0.793526555833,0.0,0.0186847138443,0.184316610269,0.00158893629542,0.0,0.00188318375754,0.0,0.0,0.0,522
7,87000,0.79429302772,0.0,0.0186741906396,0.183600453765,0.00157072631548,0.0,0.00186160155909,0.0,0.0,0.0,544
7,88000,0.794835667251,0.0,0.0186617592087,0.183080771774,0.00158150501768,0.0,0.00184029674785,0.0,0.0,0.0,1
7,89000,0.795508173419,0.0,0.018592750533,0.182487562189,0.00156361051883,0.0,0.00184790334044,0.0,0.0,0.0,34
7,90000,0.796272349039,0.0,0.0185820308108,0.181744068368,0.00154615990105,0.0,0.00185539188125,0.0,0.0,0.0,102
7,91000,0.796986209964,0.0,0.018599866548,0.181022019573,0.00155693950178,0.0,0.00183496441281,0.0,0.0,0.0,130
7,92000,0.797305101059,0.0,0.0186443008387,0.180640725973,0.00156744122095,0.0,0.00184243090884,0.0,0.0,0.0,164
7,93000,0.797829221185,0.0,0.018688283779,0.180082152281,0.00155055629607,0.0,0.00184978645848,0.0,0.0,0.0,191
7,94000,0.798428333064,0.0,0.018677000915,0.179503740783,0.00156090209376,0.0,0.00183002314441,0.0,0.0,0.0,209
7,95000,0.799153264458,0.0,0.0186388326765,0.178826286079,0.00154436042177,0.0,0.00183725636383,0.0,0.0,0.0,231
7,96000,0.799641652614,0.0,0.018655143339,0.178304173693,0.00155459527825,0.0,0.00184443507589,0.0,0.0,0.0,256
7,97000,0.799749654471,0.0,0.0186455263776,0.178188645787,0.00156465955616,0.0,0.00185151380812,0.0,0.0,0.0,286
7,98000,0.799958701151,0.0,0.0186361055186,0.177946414744,0.00160033039079,0.0,0.00185844819576,0.0,0.0,0.0,324
7,99000,0.800551822804,0.0,0.0186240196204,0.177400812406,0.00158393582505,0.0,0.00183940934522,0.0,0.0,0.0,341
7,100000,0.801128028732,0.0,0.018615003288,0.176817239112,0.00159340381405,0.0,0.00184632505438,0.0,0.0,0.0,361
7,101000,0.801657859808,0.0,0.0185319676442,0.176379254214,0.00157772156971,0.0,0.00185319676442,0.0,0.0,0.0,414
7,102000,0.802142219578,0.0,0.0185460676386,0.175865317862,0.00158682931667,0.0,0.00185956560547,0.0,0.0,0.0,439
7,103000,0.802484899082,0.0,0.0185385257575,0.175538967736,0.00159603201886,0.0,0.00184157540637,0.0,0.0,0.0,0
7,104000,0.802893617021,0.0,0.0185288753799,0.17514893617,0.00158054711246,0.0,0.00184802431611,0.0,0.0,0.0,27
7,105000,0.803304352015,0.0,0.0185207485369,0.174730859083,0.00158955709159,0.0,0.00185448327352,0.0,0.0,0.0,49
7,106000,0.803902857961,0.0,0.0185361897037,0.174149530035,0.00157450260031,0.0,0.00183691970037,0.0,0.0,0.0,69
7,107000,0.804320083188,0.0,0.0185517795529,0.173701375431,0.00158340029305,0.0,0.00184336153519,0.0,0.0,0.0,111
7,108000,0.804645064619,0.0,0.018589623525,0.173323656115,0.00159205843791,0.0,0.00184959730287,0.0,0.0,0.0,138
7,109000,0.805043264435,0.0,0.018558470782,0.172988145777,0.00157747001647,0.0,0.00183264898972,0.0,0.0,0.0,154
7,110000,0.805852469945,0.0,0.0185274578765,0.172240994874,0.00156311059007,0.0,0.00181596671494,0.0,0.0,0.0,175
7,111000,0.807056304665,0.0,0.0184948979592,0.171055029155,0.00157161078717,0.0,0.0018221574344,0.0,0.0,0.0,249
7,112000,0.807399715569,0.0,0.0184654281135,0.170748775367,0.00155759723696,0.0,0.00182848371295,0.0,0.0,0.0,291
7,113000,0.80785322743,0.0,0.0184584405414,0.17033225193,0.00154379684528,0.0,0.00181228325316,0.0,0.0,0.0,313
7,114000,0.808444582428,0.0,0.0184725240609,0.169712156828,0.00155231294629,0.0,0.00181842373708,0.0,0.0,0.0,345
7,115000,0.809051743087,0.0,0.0184419923506,0.169143183717,0.00153866443927,0.0,0.00182441640656,0.0,0.0,0.0,371
7,116000,0.809248806852,0.0,0.0183930089132,0.168980321224,0.00154727918583,0.0,0.00183058382548,0.0,0.0,0.0,391
7,117000,0.809675049693,0.0,0.0184080891885,0.168567971653,0.00153400743237,0.0,0.00181488203267,0.0,0.0,0.0,415
7,118000,0.809708446691,0.0,0.0184443349543,0.168483965639,0.00154238341081,0.0,0.00182086930443,0.0,0.0,0.0,438
7,119000,0.80995369387,0.0,0.0184374867242,0.16825268703,0.00155061812311,0.0,0.00180551425294,0.0,0.0,0.0,465
7,120000,0.810392400531,0.0,0.0184299766203,0.167828632812,0.00153758662089,0.0,0.00181140341639,0.0,0.0,0.0,491
7,121000,0.81065780953,0.0,0.0184245158864,0.167554469303,0.00154582106077,0.0,0.00181738422009,0.0,0.0,0.0,552
7,122000,0.810375189045,0.0,0.0184383351634,0.167788849987,0.00157450951957,0.0,0.00182311628581,0.0,0.0,0.0,582
7,123000,0.81072639474,0.0,0.0184321380869,0.167450940101,0.0015616973184,0.0,0.00182882975444,0.0,0.0,0.0,607
7,124000,0.811084612405,0.0,0.0184675594692,0.167084530871,0.00154915509896,0.0,0.00181414215536,0.0,0.0,0.0,631
7,125000,0.811391714014,0.0,0.0184807004064,0.166750914936,0.00155690802111,0.0,0.00181976262208,0.0,0.0,0.0,651
7,126000,0.811606121999,0.0,0.0184542555112,0.166589773935,0.00154454095039,0.0,0.00180530760436,0.0,0.0,0.0,677
7,127000,0.811896754164,0.0,0.0184879301081,0.166252064718,0.00155226969691,0.0,0.00181098131306,0.0,0.0,0.0,704
7,128000,0.812301313062,0.0,0.0185408233784,0.165820910258,0.00154013229341,0.0,0.00179682100898,0.0,0.0,0.0,727
7,129000,0.812601633981,0.0,0.0185341196293,0.16551399855,0.00154777531788,0.0,0.00180247252209,0.0,0.0,0.0,741
7,130000,0.812839006941,0.0,0.0185469603593,0.165289577541,0.00153585940082,0.0,0.00178859575792,0.0,0.0,0.0,767
7,131000,0.813114943859,0.0,0.01853995447,0.165007524019,0.00154338850947,0.0,0.00179418914226,0.0,0.0,0.0,790
7,132000,0.813416548608,0.0,0.0185511352759,0.164682007888,0.00155071409427,0.0,0.00179959413409,0.0,0.0,0.0,859
7,133000,0.813631785965,0.0,0.0185456134684,0.16445930796,0.00155813555779,0.0,0.00180515704866,0.0,0.0,0.0,106
7,134000,0.813813134171,0.0,0.0185394741805,0.164271434499,0.00156538795217,0.0,0.00181056919769,0.0,0.0,0.0,104
7,135000,0.814148523933,0.0,0.0185514517307,0.163930436736,0.00155375428218,0.0,0.00181583331773,0.0,0.0,0.0,119
7,136000,0.814326860541,0.0,0.0185450153303,0.163764749605,0.00154232091424,0.0,0.00182105360959,0.0,0.0,0.0,141
7,137000,0.814675446849,0.0,0.0185379890432,0.163410989984,0.00154944386033,0.0,0.00182613026396,0.0,0.0,0.0,166
7,138000,0.814985717425,0.0,0.0185307258478,0.163096022852,0.00155643448326,0.0,0.00183109939208,0.0,0.0,0.0,121
7,139000,0.815125897646,0.0,0.0185255885829,0.162967003,0.0015634942278,0.0,0.00181801654395,0.0,0.0,0.0,136
7,140000,0.815213270998,0.0,0.0185021390278,0.162909077781,0.00157042545894,0.0,0.00180508673442,0.0,0.0,0.0,167
7,141000,0.815542332784,0.0,0.0184780270987,0.162592300523,0.00157717399097,0.0,0.00181016560327,0.0,0.0,0.0,231
7,142000,0.815763248745,0.0,0.0184539274656,0.162401679895,0.00156600348792,0.0,0.00181514040645,0.0,0.0,0.0,260
7,143000,0.816021064537,0.0,0.0184491411607,0.162136848802,0.00157277161236,0.0,0.00182017388846,0.0,0.0,0.0,283
7,144000,0.816256339165,0.0,0.0184428027445,0.161914120764,0.00156175969958,0.0,0.00182497762648,0.0,0.0,0.0,310
7,145000,0.816527831027,0.0,0.018402983514,0.161705761389,0.00155100902722,0.0,0.00181241504304,0.0,0.0,0.0,325
7,146000,0.816819259593,0.0,0.0183976877412,0.161408124059,0.00155765935721,0.0,0.00181726925007,0.0,0.0,0.0,349
7,147000,0.817061432156,0.0,0.018391831964,0.161177764791,0.00154697652033,0.0,0.00182199456839,0.0,0.0,0.0,372
7,148000,0.817253683438,0.0,0.0183702388473,0.160995680604,0.00155361685418,0.0,0.00182678025712,0.0,0.0,0.0,392
7,149000,0.817318454703,0.0,0.018349557372,0.16097412068,0.00154326221891,0.0,0.00181460502663,0.0,0.0,0.0,420
7,150000,0.817495746509,0.0,0.0183279146943,0.160807236831,0.0015497869043,0.0,0.00181931506157,0.0,0.0,0.0,439
7,151000,0.817684365535,0.0,0.0183235997925,0.160628524574,0.00153951706019,0.0,0.00182399303871,0.0,0.0,0.0,467
7,152000,0.817743570989,0.0,0.0183021094802,0.160579816148,0.00154595475173,0.0,0.00182854863108,0.0,0.0,0.0,536
7,153000,0.8178725372,0.0,0.0183316543079,0.160443262704,0.00153589536094,0.0,0.00181665042691,0.0,0.0,0.0,564
7,154000,0.817975979524,0.0,0.0183270985102,0.160333398963,0.00152589092341,0.0,0.00183763207981,0.0,0.0,0.0,583
7,155000,0.818131429224,0.0,0.0183074941719,0.160202800737,0.00151611483347,0.0,0.00184216103422,0.0,0.0,0.0,601
7,156000,0.818258390566,0.0,0.0182875469742,0.160101075547,0.00152261241415,0.0,0.00183037449786,0.0,0.0,0.0,626
7,157000,0.818392506518,0.0,0.0182830656323,0.159960730035,0.00151285930408,0.0,0.00185083851032,0.0,0.0,0.0,648
7,158000,0.818553997217,0.0,0.0182789336489,0.1597927428,0.00151924645376,0.0,0.00185507988038,0.0,0.0,0.0,674
7,159000,0.818752483115,0.0,0.0182598331347,0.159618593564,0.00150973381009,0.0,0.00185935637664,0.0,0.0,0.0,693
7,160000,0.818965653375,0.0,0.018255033557,0.159415712594,0.00151598894591,0.0,0.00184761152783,0.0,0.0,0.0,717
7,161000,0.819114877589,0.0,0.0182517263026,0.159259259259,0.00152228499686,0.0,0.00185185185185,0.0,0.0,0.0,742
7,162000,0.819212652463,0.0,0.0182331472065,0.15918520136,0.00151293009327,0.0,0.00185606887731,0.0,0.0,0.0,810
7,163000,0.819245733418,0.0,0.0182288841009,0.159146218592,0.00151907367507,0.0,0.00186009021438,0.0,0.0,0.0,81
7,164000,0.819284162519,0.0,0.0181809777668,0.159160593501,0.00150994561114,0.0,0.00186432060151,0.0,0.0,0.0,69
7,165000,0.819535054672,0.0,0.0181781984134,0.158932892278,0.00150081166345,0.0,0.00185304297222,0.0,0.0,0.0,91
7,166000,0.819723283459,0.0,0.0182042344632,0.158723877076,0.00150687225072,0.0,0.00184173275088,0.0,0.0,0.0,112
7,167000,0.819956123761,0.0,0.0182010742114,0.15849913004,0.00149784401241,0.0,0.00184582797488,0.0,0.0,0.0,136
7,168000,0.820038500872,0.0,0.0182277567226,0.158379955483,0.00150394032365,0.0,0.00184984659809,0.0,0.0,0.0,131
7,169000,0.820081930449,0.0,0.0182250396197,0.15832909727,0.00151003199474,0.0,0.00185390066681,0.0,0.0,0.0,159
7,170000,0.82025862069,0.0,0.0182223543401,0.158159928656,0.00150118906064,0.0,0.00185790725327,0.0,0.0,0.0,176
7,171000,0.82063065193,0.0,0.018204385602,0.157810745316,0.00150718127549,0.0,0.00184703587682,0.0,0.0,0.0,199
7,172000,0.820868773229,0.0,0.018201048874,0.157580832342,0.00149839143273,0.0,0.00185095412278,0.0,0.0,0.0,267
7,173000,0.821013889497,0.0,0.0182126217704,0.157428909433,0.00150433042691,0.0,0.00184024887175,0.0,0.0,0.0,290
7,174000,0.821242921446,0.0,0.0182372586032,0.157180194569,0.00149557136634,0.0,0.00184405401481,0.0,0.0,0.0,292
7,175000,0.821487865795,0.0,0.0182337909827,0.156943421831,0.00150143647047,0.0,0.00183348492067,0.0,0.0,0.0,319
7,176000,0.82172745934,0.0,0.0182449794008,0.156697242439,0.00149290154027,0.0,0.00183741728034,0.0,0.0,0.0,342
7,177000,0.821197630433,0.0,0.0182285347227,0.15723360217,0.00149882235386,0.0,0.00184141032046,0.0,0.0,0.0,363
7,178000,0.820077505075,0.0,0.018226468125,0.158360185671,0.00150467727511,0.0,0.00183116385368,0.0,0.0,0.0,397
7,179000,0.818989003543,0.0,0.0182239098827,0.159441566325,0.00151042475403,0.0,0.00183509549555,0.0,0.0,0.0,427
7,180000,0.817895948564,0.0,0.0182356739759,0.160527276301,0.00150209169778,0.0,0.00183900946177,0.0,0.0,0.0,444
7,181000,0.816929133858,0.0,0.0182610152454,0.161473166918,0.00150779024962,0.0,0.00182889372871,0.0,0.0,0.0,520
7,182000,0.815834050707,0.0,0.0182721946072,0.162547554914,0.00151342645303,0.0,0.00183277331926,0.0,0.0,0.0,524
7,183000,0.814723265577,0.0,0.0182970614229,0.163637870084,0.00150519222271,0.0,0.00183661069377,0.0,0.0,0.0,552
7,184000,0.814154065895,0.0,0.0183209042341,0.164146512299,0.00153818686224,0.0,0.00184033071018,0.0,0.0,0.0,606
7,185000,0.814165699064,0.0,0.0183457414111,0.164114473055,0.00152995014002,0.0,0.00184413632949,0.0,0.0,0.0,627
7,186000,0.814219529095,0.0,0.0183280572803,0.164069399345,0.00153526350828,0.0,0.00184775077103,0.0,0.0,0.0,651
7,187000,0.814381858479,0.0,0.0183253148819,0.163914265636,0.00152710957349,0.0,0.00185145142981,0.0,0.0,0.0,671
7,188000,0.814453361294,0.0,0.0183489938299,0.163810138323,0.00153244344074,0.0,0.00185506311247,0.0,0.0,0.0,689
7,189000,0.81445228926,0.0,0.0183194266153,0.163831835687,0.00153776208815,0.0,0.00185868635002,0.0,0.0,0.0,715
7,190000,0.814538441075,0.0,0.0183293429103,0.163740356478,0.00152966214419,0.0,0.00186219739292,0.0,0.0,0.0,741
7,191000,0.814707983805,0.0,0.0183254386197,0.163579348488,0.00153483818042,0.0,0.00185239090741,0.0,0.0,0.0,762
7,192000,0.8149605781,0.0,0.0183222987114,0.163334342464,0.00152685822595,0.0,0.00185592249878,0.0,0.0,0.0,825
7,193000,0.81502140865,0.0,0.0183315656466,0.163255686059,0.00153199512904,0.0,0.00185934451559,0.0,0.0,0.0,99
7,194000,0.815045919364,0.0,0.0183286654074,0.163212401485,0.00155018563147,0.0,0.00186282811177,0.0,0.0,0.0,67
7,195000,0.815243452003,0.0,0.0183123598709,0.163035730486,0.00154222988297,0.0,0.00186622775755,0.0,0.0,0.0,95
7,196000,0.815464754954,0.0,0.0183091145867,0.162809288652,0.00154724912,0.0,0.00186959268667,0.0,0.0,0.0,116
7,197000,0.815527504105,0.0,0.01830613711,0.16276683087,0.001539408867,0.0,0.00186011904762,0.0,0.0,0.0,148
7,198000,0.81570449411,0.0,0.0182904259257,0.162584400168,0.00154441140056,0.0,0.00187626839573,0.0,0.0,0.0,165
7,199000,0.815871685462,0.0,0.0182998069694,0.162412374276,0.00154932439297,0.0,0.00186680889973,0.0,0.0,0.0,197
7,200000,0.816032550323,0.0,0.018296920608,0.162258810447,0.0015415913772,0.0,0.00187012724447,0.0,0.0,0.0,213
7,201000,0.816146147656,0.0,0.0182684570509,0.162178133172,0.00153389660028,0.0,0.00187336552002,0.0,0.0,0.0,236
7,202000,0.816356402943,0.0,0.0182655256968,0.161975178902,0.00153880798679,0.0,0.0018640844718,0.0,0.0,0.0,282
7,203000,0.816624547163,0.0,0.0182504014839,0.161726443164,0.0015312410522,0.0,0.00186736713683,0.0,0.0,0.0,317
7,204000,0.816731290958,0.0,0.0182599754717,0.161602021729,0.00153611733954,0.0,0.00187059450219,0.0,0.0,0.0,292
7,205000,0.816859390024,0.0,0.018257353485,0.16148080574,0.00152863729382,0.0,0.00187381345694,0.0,0.0,0.0,321
7,206000,0.817003005582,0.0,0.0182543090229,0.161320002454,0.00153346009937,0.0,0.00188922284242,0.0,0.0,0.0,352
7,207000,0.817055304603,0.0,0.0182517397143,0.161286778171,0.00152606519351,0.0,0.0018801123184,0.0,0.0,0.0,371
7,208000,0.817131401494,0.0,0.018237045137,0.161217423,0.00153089119738,0.0,0.00188323917137,0.0,0.0,0.0,398
7,209000,0.817271650021,0.0,0.0182341418587,0.161072283621,0.0015356339629,0.0,0.00188629053711,0.0,0.0,0.0,408
7,210000,0.817444463164,0.0,0.0182435196996,0.160894365689,0.00152831596428,0.0,0.00188933548341,0.0,0.0,0.0,435
7,211000,0.817569914366,0.0,0.0182406132104,0.160788071142,0.00152104916462,0.0,0.00188035211689,0.0,0.0,0.0,458
7,212000,0.817196738508,0.0,0.0182386038528,0.161131508678,0.00153776463857,0.0,0.00189538432195,0.0,0.0,0.0,494
7,213000,0.8162931147,0.0,0.0182484783047,0.162029401644,0.00153059408408,0.0,0.00189841126707,0.0,0.0,0.0,558
7,214000,0.815791959941,0.0,0.018234210402,0.162537200624,0.00153526382918,0.0,0.00190136520384,0.0,0.0,0.0,579
7,215000,0.815944141433,0.0,0.0182316155727,0.162380101561,0.00153987210833,0.0,0.00190426932481,0.0,0.0,0.0,609
7,216000,0.816134316134,0.0,0.0182169182169,0.162208962209,0.0015327015327,0.0,0.0019071019071,0.0,0.0,0.0,630
7,217000,0.816244293301,0.0,0.0182264977173,0.162081896953,0.00153731482344,0.0,0.00190999720488,0.0,0.0,0.0,651
7,218000,0.81640602358,0.0,0.0182237627665,0.16193876723,0.00153023962161,0.0,0.00190120680261,0.0,0.0,0.0,669
7,219000,0.816529535987,0.0,0.0182443426382,0.161787276273,0.00153478657235,0.0,0.00190405852961,0.0,0.0,0.0,696
7,220000,0.81660597567,0.0,0.0182532480213,0.161683112587,0.00153929215535,0.0,0.00191837156675,0.0,0.0,0.0,724
7,221000,0.816777395341,0.0,0.0182616550983,0.161519022081,0.00153228665195,0.0,0.00190964082743,0.0,0.0,0.0,748
7,222000,0.816920327387,0.0,0.0182590185208,0.161371475406,0.00153676278074,0.0,0.00191241590493,0.0,0.0,0.0,814
7,223000,0.817111451074,0.0,0.0182559918409,0.161198934784,0.00152983171851,0.0,0.00190379058304,0.0,0.0,0.0,9
7,224000,0.817285454812,0.0,0.0182646856421,0.161020295349,0.0015229972586,0.0,0.00190656693855,0.0,0.0,0.0,62
7,225000,0.81728026236,0.0,0.0182843280397,0.160987443563,0.00152743772322,0.0,0.00192052831375,0.0,0.0,0.0,82
7,226000,0.817465198189,0.0,0.0182814334433,0.160809526472,0.00153183876558,0.0,0.00191200313077,0.0,0.0,0.0,113
7,227000,0.817637367531,0.0,0.018289696322,0.16063318194,0.00152506901772,0.0,0.00191468519013,0.0,0.0,0.0,131
7,228000,0.817704234874,0.0,0.0182872089286,0.160583860707,0.00151839249892,0.0,0.00190630299134,0.0,0.0,0.0,165
7,229000,0.817873852401,0.0,0.0182843396893,0.160410045904,0.00152277542373,0.0,0.00190898658192,0.0,0.0,0.0,183
7,230000,0.81759651937,0.0,0.0182930848843,0.1606934892,0.00151618361203,0.0,0.00190072293393,0.0,0.0,0.0,205
7,231000,0.816789550835,0.0,0.0183122935218,0.161474172446,0.00152055483843,0.0,0.00190342835889,0.0,0.0,0.0,232
7,232000,0.816924266684,0.0,0.0183097517673,0.161345837554,0.00151401278742,0.0,0.00190613120718,0.0,0.0,0.0,323
7,233000,0.817059812375,0.0,0.0183070332411,0.161206008351,0.00151835583754,0.0,0.00190879019576,0.0,0.0,0.0,284
7,234000,0.817198146928,0.0,0.0183147414231,0.161063896418,0.0015118300703,0.0,0.00191138516031,0.0,0.0,0.0,316
7,235000,0.817357735817,0.0,0.0183018624457,0.160910146673,0.00151619424491,0.0,0.00191406081982,0.0,0.0,0.0,338
7,236000,0.817545212168,0.0,0.0183097234268,0.160729390854,0.00150974912467,0.0,0.00190592442688,0.0,0.0,0.0,358
7,237000,0.817683622445,0.0,0.0183169319672,0.160577015342,0.00151397225806,0.0,0.00190845798727,0.0,0.0,0.0,385
7,238000,0.817853654393,0.0,0.0182932008324,0.160434450248,0.00150762305177,0.0,0.00191107147407,0.0,0.0,0.0,408
7,239000,0.817947308327,0.0,0.0182898464922,0.160337463526,0.00151181968114,0.0,0.00191356197403,0.0,0.0,0.0,422
7,240000,0.818079405355,0.0,0.0182878680999,0.160200461145,0.00150556427075,0.0,0.0019267011297,0.0,0.0,0.0,444
7,241000,0.817338240382,0.0,0.0182965828903,0.1609365334,0.00150986128149,0.0,0.00191878204523,0.0,0.0,0.0,477
7,242000,0.816820517105,0.0,0.0183054174846,0.161448978739,0.00151413892486,0.0,0.00191094774654,0.0,0.0,0.0,503
7,243000,0.815994176373,0.0,0.0183340266223,0.162240016639,0.00151830282862,0.0,0.00191347753744,0.0,0.0,0.0,575
7,244000,0.815203769872,0.0,0.0183418776863,0.163015897675,0.00151209155404,0.0,0.00192636321268,0.0,0.0,0.0,576
7,245000,0.814384289295,0.0,0.0183697255371,0.163801016988,0.00151619857044,0.0,0.00192876961002,0.0,0.0,0.0,593
7,246000,0.813627398611,0.0,0.0183876402186,0.164543698895,0.00151004643136,0.0,0.00193121584419,0.0,0.0,0.0,623
7,247000,0.813301823093,0.0,0.0183946146134,0.164866081476,0.00151412845538,0.0,0.00192335236225,0.0,0.0,0.0,646
7,248000,0.813431695214,0.0,0.0184224737877,0.164701806584,0.00150803435873,0.0,0.00193599005512,0.0,0.0,0.0,1
7,249000,0.813556053948,0.0,0.0184089548301,0.164584580724,0.00151209165914,0.0,0.00193831883823,0.0,0.0,0.0,25
7,250000,0.813666228647,0.0,0.0184069544122,0.164479935308,0.00150611543516,0.0,0.00194076619832,0.0,0.0,0.0,45
7,251000,0.813746514039,0.0,0.0184139257201,0.164386319933,0.00151016339968,0.0,0.00194307690759,0.0,0.0,0.0,77
7,252000,0.813884459954,0.0,0.0184009706888,0.164254986312,0.00151419431826,0.0,0.00194538872677,0.0,0.0,0.0,96
7,253000,0.814035718566,0.0,0.0183886691438,0.164119621239,0.0015082504295,0.0,0.00194774062088,0.0,0.0,0.0,170
7,254000,0.814077500871,0.0,0.0184052131523,0.164055116152,0.00151221210765,0.0,0.00194995771775,0.0,0.0,0.0,190
7,255000,0.814289961352,0.0,0.0183926270934,0.163858884154,0.0015062927361,0.0,0.00195223466455,0.0,0.0,0.0,207
7,256000,0.814301508331,0.0,0.0183901918977,0.163843481008,0.00151030561478,0.0,0.00195451314854,0.0,0.0,0.0,232
7,257000,0.813603154469,0.0,0.0184076226437,0.164518127378,0.00151430229014,0.0,0.00195679321907,0.0,0.0,0.0,271
7,258000,0.812823853229,0.0,0.0184345338962,0.165264323006,0.00151825332302,0.0,0.00195903654583,0.0,0.0,0.0,290
7,259000,0.811994418478,0.0,0.0184424429894,0.166089323875,0.0015222333896,0.0,0.00195158126872,0.0,0.0,0.0,319
7,260000,0.81130314754,0.0,0.018440033439,0.166776833797,0.0015261387717,0.0,0.00195384645294,0.0,0.0,0.0,337
7,261000,0.810973070852,0.0,0.018446611343,0.167084660747,0.0015299551665,0.0,0.00196570189114,0.0,0.0,0.0,362
7,262000,0.811191711844,0.0,0.0184245557849,0.166901394864,0.00152412555708,0.0,0.00195821194992,0.0,0.0,0.0,391
7,263000,0.811398535545,0.0,0.0184210020564,0.16669229143,0.00152787653989,0.0,0.00196029442854,0.0,0.0,0.0,449
7,264000,0.811570200463,0.0,0.0184284592851,0.166516686132,0.00152214287082,0.0,0.00196251124854,0.0,0.0,0.0,468
7,265000,0.811671466992,0.0,0.0184256203864,0.166412344784,0.00152593129494,0.0,0.00196463654224,0.0,0.0,0.0,488
7,266000,0.811832554251,0.0,0.0184319537871,0.166239121347,0.00152966214419,0.0,0.0019667084711,0.0,0.0,0.0,520
7,267000,0.812036195669,0.0,0.0184291231259,0.166051416023,0.00152392851734,0.0,0.00195933666515,0.0,0.0,0.0,540
7,268000,0.812100409256,0.0,0.0184353959602,0.165975142863,0.00152763894914,0.0,0.00196141297173,0.0,0.0,0.0,561
7,269000,0.812093084432,0.0,0.0184421416559,0.165969880027,0.00153136479364,0.0,0.00196352909123,0.0,0.0,0.0,596
7,270000,0.812247877727,0.0,0.0184476287637,0.16581338974,0.00152560298756,0.0,0.00196550078152,0.0,0.0,0.0,613
7,271000,0.8123537146,0.0,0.0184447822154,0.165713966001,0.00151996941411,0.0,0.00196756776919,0.0,0.0,0.0,632
7,272000,0.812486644679,0.0,0.0184326659544,0.165596692526,0.00152366795187,0.0,0.0019603288893,0.0,0.0,0.0,652
7,273000,0.812568847254,0.0,0.0184394930991,0.165511112757,0.00151811087763,0.0,0.00196243601255,0.0,0.0,0.0,710
7,274000,0.812725377897,0.0,0.0184268046371,0.165370887862,0.00151251049074,0.0,0.00196441911297,0.0,0.0,0.0,732
7,275000,0.81279692712,0.0,0.0184244139566,0.165286750044,0.00151622359244,0.0,0.00197568528712,0.0,0.0,0.0,749
7,276000,0.812962946008,0.0,0.0184125472674,0.165136102693,0.00151072615571,0.0,0.00197767787656,0.0,0.0,0.0,779
7,277000,0.813010874325,0.0,0.0184279667202,0.165076266239,0.00151437746314,0.0,0.00197051525325,0.0,0.0,0.0,813
7,278000,0.813094816067,0.0,0.0184432748857,0.164971412469,0.0015180024179,0.0,0.00197249415978,0.0,0.0,0.0,90
7,279000,0.813167404831,0.0,0.0184495829144,0.16488692045,0.00152161508573,0.0,0.00197447671838,0.0,0.0,0.0,74
7,280000,0.813206746866,0.0,0.018464537439,0.16482713186,0.00152517440234,0.0,0.00197640943262,0.0,0.0,0.0,100
7,281000,0.813314389,0.0,0.0184707247107,0.16470778666,0.0015197431724,0.0,0.00198735645621,0.0,0.0,0.0,121
7,282000,0.813412306562,0.0,0.0184589467648,0.164607209742,0.00151435048701,0.0,0.00200718644432,0.0,0.0,0.0,194
7,283000,0.813521790762,0.0,0.0184469226854,0.164504406368,0.00151789780083,0.0,0.00200898238346,0.0,0.0,0.0,201
7,284000,0.81363110597,0.0,0.0184358038971,0.164409644986,0.00151259008809,0.0,0.00201085505828,0.0,0.0,0.0,173
7,285000,0.813726880996,0.0,0.0184331388648,0.16432890607,0.00150727927225,0.0,0.00200379479723,0.0,0.0,0.0,196
7,286000,0.813798770144,0.0,0.0184390019791,0.164236994628,0.00151964942041,0.0,0.0020055838281,0.0,0.0,0.0,225
7,287000,0.813840464871,0.0,0.0184451487938,0.164183835182,0.00153195985209,0.0,0.00199859130129,0.0,0.0,0.0,255
7,288000,0.813932880018,0.0,0.01844264093,0.164097389778,0.00152665058127,0.0,0.0020004386927,0.0,0.0,0.0,280
7,289000,0.814059016393,0.0,0.0184393442623,0.163978142077,0.00153005464481,0.0,0.00199344262295,0.0,0.0,0.0,305
7,290000,0.814150655688,0.0,0.0184289635342,0.163900143772,0.00152485513876,0.0,0.00199538186729,0.0,0.0,0.0,324
7,291000,0.814258423064,0.0,0.0184352205627,0.163789510247,0.00152830844043,0.0,0.0019885376867,0.0,0.0,0.0,347
7,292000,0.814412917629,0.0,0.0184401581821,0.163633688983,0.0015229788081,0.0,0.00199025639694,0.0,0.0,0.0,368
7,293000,0.814538523897,0.0,0.0184297221312,0.163513117271,0.00152646739224,0.0,0.00199216930852,0.0,0.0,0.0,444
7,294000,0.814747969576,0.0,0.0184435563577,0.163301963818,0.00152120665206,0.0,0.00198530359675,0.0,0.0,0.0,469
7,295000,0.814857642101,0.0,0.0184499948607,0.163180525576,0.00152465138589,0.0,0.00198718607599,0.0,0.0,0.0,496
7,296000,0.815025694433,0.0,0.0184556024107,0.163018797057,0.00151947142882,0.0,0.00198043467126,0.0,0.0,0.0,512
7,297000,0.815099669046,0.0,0.0184364338645,0.16296718536,0.00152289878253,0.0,0.00197381294719,0.0,0.0,0.0,539
7,298000,0.815125409127,0.0,0.018434039378,0.162947072091,0.00151779809046,0.0,0.00197568131328,0.0,0.0,0.0,559
7,299000,0.815197917723,0.0,0.0184311935909,0.162880708515,0.00151269310077,0.0,0.00197748707028,0.0,0.0,0.0,576
7,300000,0.815325786672,0.0,0.0184202546998,0.16275857422,0.00151607034566,0.0,0.00197931406239,0.0,0.0,0.0,603
7,301000,0.815385648568,0.0,0.0184261777643,0.162704408851,0.00151103052282,0.0,0.00197273429368,0.0,0.0,0.0,621
7,302000,0.815552338959,0.0,0.0184238489278,0.162526460228,0.00151440356763,0.0,0.00198294831784,0.0,0.0,0.0,647
7,303000,0.815727807197,0.0,0.0184213818121,0.162365008548,0.00150940249343,0.0,0.00197639994996,0.0,0.0,0.0,729
7,304000,0.815784224088,0.0,0.0184190840329,0.162305710249,0.00151275870667,0.0,0.00197822292411,0.0,0.0,0.0,745
7,305000,0.815886271001,0.0,0.018424628028,0.16219306094,0.00151605527388,0.0,0.0019799847566,0.0,0.0,0.0,771
7,306000,0.816025895098,0.0,0.0184221825869,0.162059056679,0.00151109789933,0.0,0.00198176773682,0.0,0.0,0.0,793
7,307000,0.816133864489,0.0,0.0184038980707,0.161980641338,0.00150622242708,0.0,0.00197537367485,0.0,0.0,0.0,817
7,308000,0.816183045786,0.0,0.0184177926542,0.161920700943,0.00150131672861,0.0,0.00197714388849,0.0,0.0,0.0,93
7,309000,0.816297326028,0.0,0.01842341974,0.161803908742,0.00150462016518,0.0,0.00197072532505,0.0,0.0,0.0,72
7,310000,0.816373773271,0.0,0.018405007988,0.16174888331,0.00149978807342,0.0,0.00197254735744,0.0,0.0,0.0,103
7,311000,0.816444588885,0.0,0.0184107897303,0.16166720832,0.00150308742281,0.0,0.00197432564186,0.0,0.0,0.0,129
7,312000,0.81652602083,0.0,0.018432433308,0.161567242748,0.00149824260192,0.0,0.0019760605128,0.0,0.0,0.0,150
7,313000,0.816610560816,0.0,0.0184220935959,0.161496048372,0.00149346508117,0.0,0.00197783213452,0.0,0.0,0.0,211
7,314000,0.816638233495,0.0,0.0184279138636,0.161465542215,0.00149676505617,0.0,0.00197154536968,0.0,0.0,0.0,238
7,315000,0.816708779529,0.0,0.0184253800184,0.161392531986,0.00150002005374,0.0,0.00197328841295,0.0,0.0,0.0,266
7,316000,0.816789009899,0.0,0.0184314478082,0.161309152553,0.00149530617793,0.0,0.00197508356123,0.0,0.0,0.0,286
7,317000,0.816946315412,0.0,0.0184289187358,0.161165358097,0.00149057430951,0.0,0.00196883344626,0.0,0.0,0.0,312
7,318000,0.817027531683,0.0,0.0184339120416,0.161074252116,0.00149378252751,0.0,0.00197052163204,0.0,0.0,0.0,260
7,319000,0.817132673267,0.0,0.0184237623762,0.160974257426,0.00148910891089,0.0,0.0019801980198,0.0,0.0,0.0,293
7,320000,0.816988819405,0.0,0.0184290316468,0.161107952751,0.00150022108521,0.0,0.00197397511212,0.0,0.0,0.0,318
7,321000,0.817091985328,0.0,0.0184269769053,0.160994001984,0.00150343980731,0.0,0.00198359597613,0.0,0.0,0.0,362
7,322000,0.817231638418,0.0,0.0184322033898,0.160860012555,0.00149874450722,0.0,0.00197740112994,0.0,0.0,0.0,381
7,323000,0.8173348457,0.0,0.0184300074315,0.160754097078,0.00150193608949,0.0,0.00197911370126,0.0,0.0,0.0,408
7,324000,0.817477832973,0.0,0.0184354797202,0.160616387613,0.00149729784529,0.0,0.00197300184823,0.0,0.0,0.0,470
7,325000,0.817604390991,0.0,0.0184409183142,0.160487300489,0.00149268816034,0.0,0.00197470204545,0.0,0.0,0.0,491
7,326000,0.817717496609,0.0,0.0184460375896,0.16036427049,0.00149583414067,0.0,0.00197636117032,0.0,0.0,0.0,510
7,327000,0.817819364709,0.0,0.018451410513,0.160267653627,0.00149125721483,0.0,0.00197031393669,0.0,0.0,0.0,538
7,328000,0.817872989462,0.0,0.0184491896222,0.160219079312,0.00149442287545,0.0,0.00196431872805,0.0,0.0,0.0,564
7,329000,0.817982843495,0.0,0.0184466988703,0.160114581493,0.00148986660318,0.0,0.00196600953822,0.0,0.0,0.0,590
7,330000,0.817435646142,0.0,0.0184601013736,0.160651118632,0.00149304013598,0.0,0.00196009371698,0.0,0.0,0.0,619
7,331000,0.81686883106,0.0,0.0184581561691,0.161222604753,0.00148856098138,0.0,0.001961847037,0.0,0.0,0.0,638
7,332000,0.81628397251,0.0,0.0184713036463,0.161789440838,0.00149170808186,0.0,0.00196357492408,0.0,0.0,0.0,656
7,333000,0.815739152869,0.0,0.0184769247113,0.16232376732,0.00149484770765,0.0,0.00196530739229,0.0,0.0,0.0,60
7,334000,0.815158347077,0.0,0.0184750866256,0.162893976305,0.00150554555221,0.0,0.00196704444007,0.0,0.0,0.0,26
7,335000,0.814829901184,0.0,0.0184732594101,0.163211888059,0.00151618013125,0.0,0.00196877121521,0.0,0.0,0.0,83
7,336000,0.814945173954,0.0,0.0184708872945,0.163101845585,0.00151166463607,0.0,0.0019704285306,0.0,0.0,0.0,105
7,337000,0.815053650563,0.0,0.0184833874463,0.16299123445,0.00150716465586,0.0,0.00196456288476,0.0,0.0,0.0,131
7,338000,0.815134343087,0.0,0.0184880608843,0.162901272409,0.0015101448842,0.0,0.00196617873537,0.0,0.0,0.0,152
7,339000,0.815234162449,0.0,0.0184855283656,0.162806818775,0.00150567610075,0.0,0.00196781430989,0.0,0.0,0.0,174
7,340000,0.815355688338,0.0,0.018483010791,0.162690626951,0.00150123368709,0.0,0.00196944023306,0.0,0.0,0.0,192
7,341000,0.815436714067,0.0,0.0184881920104,0.162607168528,0.00150424969063,0.0,0.00196367570451,0.0,0.0,0.0,218
7,342000,0.815507152146,0.0,0.0184714505261,0.16255615321,0.00149988178272,0.0,0.00196536233597,0.0,0.0,0.0,245
7,343000,0.815651635812,0.0,0.0184687239858,0.162417214884,0.00149547306307,0.0,0.00196695225536,0.0,0.0,0.0,271
7,344000,0.81575777164,0.0,0.0184594816948,0.162322971147,0.0014985014985,0.0,0.0019612740201,0.0,0.0,0.0,328
7,345000,0.815826094599,0.0,0.0184642653112,0.16225262572,0.00149413332943,0.0,0.00196288104062,0.0,0.0,0.0,348
7,346000,0.815872111705,0.0,0.0184617182251,0.162204597903,0.00149709344784,0.0,0.00196447871936,0.0,0.0,0.0,372
7,347000,0.815844280679,0.0,0.0184599924267,0.162236753954,0.00149281990038,0.0,0.00196615303953,0.0,0.0,0.0,400
7,348000,0.815958582331,0.0,0.0184578743674,0.162127230084,0.00149579941765,0.0,0.00196051379984,0.0,0.0,0.0,431
7,349000,0.816067653277,0.0,0.0184627414637,0.162015986562,0.00149149989864,0.0,0.00196211879869,0.0,0.0,0.0,18
7,350000,0.816165641514,0.0,0.0184671806867,0.161909093534,0.00149441219787,0.0,0.00196367206676,0.0,0.0,0.0,39
7,351000,0.81623088663,0.0,0.0184582601434,0.161855328707,0.00149019494917,0.0,0.00196532957065,0.0,0.0,0.0,76
7,352000,0.816345429094,0.0,0.0184630845985,0.161738631061,0.00149312659273,0.0,0.00195972865296,0.0,0.0,0.0,90
7,353000,0.816428060129,0.0,0.0184609878311,0.161653543307,0.00149606299213,0.0,0.00196134574087,0.0,0.0,0.0,134
7,354000,0.81586780399,0.0,0.0184731789143,0.162204218566,0.00149898283308,0.0,0.00195581569649,0.0,0.0,0.0,198
7,355000,0.815365013382,0.0,0.0184784465577,0.162697169865,0.00149478959057,0.0,0.00196458060475,0.0,0.0,0.0,215
7,356000,0.814856615559,0.0,0.018476717774,0.163209823964,0.00149772856332,0.0,0.00195911413969,0.0,0.0,0.0,235
7,357000,0.814316960778,0.0,0.0184819463025,0.163746788134,0.00149356211024,0.0,0.00196074267553,0.0,0.0,0.0,256
7,358000,0.813753379404,0.0,0.0184940741316,0.164293731074,0.00149646706714,0.0,0.00196234832389,0.0,0.0,0.0,280
7,359000,0.813214041855,0.0,0.0185202131479,0.16481652248,0.00149231668086,0.0,0.00195690583623,0.0,0.0,0.0,308
7,360000,0.812969436606,0.0,0.0185317777871,0.16504513611,0.00149517752601,0.0,0.00195847197069,0.0,0.0,0.0,328
7,361000,0.813018886416,0.0,0.018536407801,0.16499362986,0.00149803295673,0.0,0.00195304296695,0.0,0.0,0.0,358
7,362000,0.813137870855,0.0,0.0185340314136,0.164879581152,0.00149389179756,0.0,0.00195462478185,0.0,0.0,0.0,376
7,363000,0.813244876364,0.0,0.0185314101136,0.164777790154,0.00149671419024,0.0,0.00194920917799,0.0,0.0,0.0,404
7,364000,0.813356937068,0.0,0.018542816481,0.164649935784,0.00149258912146,0.0,0.00195772154535,0.0,0.0,0.0,466
7,365000,0.813438105788,0.0,0.0185405704791,0.164566602049,0.00149543062863,0.0,0.00195929105511,0.0,0.0,0.0,490
7,366000,0.813553353816,0.0,0.0185314323195,0.164463009632,0.0014913522284,0.0,0.001960852004,0.0,0.0,0.0,513
7,367000,0.813641715612,0.0,0.0185291019135,0.164379505753,0.0014941713546,0.0,0.00195550536731,0.0,0.0,0.0,536
7,368000,0.81378708911,0.0,0.0185471300359,0.164225532003,0.00149008782591,0.0,0.00195016102562,0.0,0.0,0.0,560
7,369000,0.813862389656,0.0,0.018545277734,0.164147622602,0.00149293594757,0.0,0.0019517740599,0.0,0.0,0.0,581
7,370000,0.813931252092,0.0,0.0185426754724,0.164083896216,0.00148887780957,0.0,0.00195329841073,0.0,0.0,0.0,611
7,371000,0.814017641249,0.0,0.0185471511767,0.163988693253,0.00149167319416,0.0,0.00195484112659,0.0,0.0,0.0,629
7,372000,0.814117151572,0.0,0.0185516028014,0.163894002486,0.00148766056884,0.0,0.00194958257195,0.0,0.0,0.0,646
7,373000,0.814206354583,0.0,0.0185624280198,0.163789716144,0.0014904139286,0.0,0.00195108732471,0.0,0.0,0.0,669
7,374000,0.81424826356,0.0,0.0185603091808,0.163745574444,0.00149320288641,0.0,0.00195264992838,0.0,0.0,0.0,733
7,375000,0.814355601677,0.0,0.0185644398323,0.163636608671,0.00148919825878,0.0,0.0019541515613,0.0,0.0,0.0,756
7,376000,0.814481280116,0.0,0.0185619527013,0.163509163368,0.00149194551039,0.0,0.00195565830416,0.0,0.0,0.0,784
7,377000,0.814615477419,0.0,0.0185659325192,0.163380206169,0.00148795560262,0.0,0.00195042828992,0.0,0.0,0.0,807
7,378000,0.814718504753,0.0,0.0185635787532,0.163275265051,0.00149070149872,0.0,0.00195194994452,0.0,0.0,0.0,825
7,379000,0.814785182815,0.0,0.0185614849188,0.163206389845,0.00149345280956,0.0,0.0019534896125,0.0,0.0,0.0,85
7,380000,0.814809889218,0.0,0.0185655579642,0.163166784142,0.00149614990757,0.0,0.0019616187677,0.0,0.0,0.0,113
7,381000,0.814912821737,0.0,0.0185697326622,0.163068780963,0.00149221066035,0.0,0.00195645397691,0.0,0.0,0.0,137
7,382000,0.815024772287,0.0,0.0185544097316,0.162974526548,0.00148832163623,0.0,0.00195796979699,0.0,0.0,0.0,151
7,383000,0.815126604827,0.0,0.0185585918429,0.162864343489,0.00149102088749,0.0,0.00195943895391,0.0,0.0,0.0,176
7,384000,0.815247645932,0.0,0.0185561719012,0.162741575695,0.00149370603602,0.0,0.00196090043495,0.0,0.0,0.0,176
7,385000,0.815301213517,0.0,0.0185604494412,0.162679582849,0.00149638701294,0.0,0.00196236717924,0.0,0.0,0.0,214
7,386000,0.815393779907,0.0,0.0185581587164,0.162591727054,0.00149250800259,0.0,0.0019638263192,0.0,0.0,0.0,232
7,387000,0.81546628014,0.0,0.0185558798373,0.162523913058,0.00149517821349,0.0,0.0019587487513,0.0,0.0,0.0,255
7,388000,0.815474484878,0.0,0.0185534918857,0.162520513689,0.00149131261559,0.0,0.00196019693141,0.0,0.0,0.0,271
7,389000,0.815548800291,0.0,0.018550995752,0.162444626317,0.00149395273913,0.0,0.00196162490094,0.0,0.0,0.0,292
7,390000,0.815627328388,0.0,0.0185558327124,0.162370015226,0.00149016812984,0.0,0.0019566555444,0.0,0.0,0.0,315
7,391000,0.815712605498,0.0,0.0185599255535,0.16227656357,0.00149280738261,0.0,0.00195809799537,0.0,0.0,0.0,339
7,392000,0.815744184398,0.0,0.0185635188181,0.162237419671,0.00149539457146,0.0,0.00195948254191,0.0,0.0,0.0,367
7,393000,0.815836848061,0.0,0.0185744779344,0.162142526489,0.00149161608888,0.0,0.00195453142681,0.0,0.0,0.0,396
7,394000,0.815997383576,0.0,0.0185714835383,0.161981043748,0.00149418358578,0.0,0.00195590555221,0.0,0.0,0.0,420
7,395000,0.815600432421,0.0,0.0185698111035,0.162375502946,0.00149684319608,0.0,0.00195741033334,0.0,0.0,0.0,484
7,396000,0.81512487079,0.0,0.0185806715075,0.162836104695,0.00149947039982,0.0,0.00195888260742,0.0,0.0,0.0,506
7,397000,0.814626229195,0.0,0.0185914775801,0.163332590777,0.00149571969576,0.0,0.00195398275149,0.0,0.0,0.0,532
7,398000,0.814135244783,0.0,0.0185896499838,0.163827639407,0.00149834610525,0.0,0.00194911972166,0.0,0.0,0.0,552
7,399000,0.813666877771,0.0,0.0185877137429,0.164300189994,0.00149461684611,0.0,0.00195060164661,0.0,0.0,0.0,575
7,400000,0.813387577703,0.0,0.0185980694395,0.164565118512,0.00149719512811,0.0,0.00195203921767,0.0,0.0,0.0,595
7,401000,0.813427098693,0.0,0.0186018374986,0.164511575737,0.00150604307661,0.0,0.00195344499477,0.0,0.0,0.0,628
7,402000,0.813480589359,0.0,0.0186060545107,0.164449864226,0.00150859901438,0.0,0.00195489288947,0.0,0.0,0.0,650
7,403000,0.813578876745,0.0,0.0186038637347,0.164349805308,0.00151113284802,0.0,0.00195632136341,0.0,0.0,0.0,675
7,404000,0.813659079679,0.0,0.0186015674354,0.164274232388,0.00150738996366,0.0,0.00195773053372,0.0,0.0,0.0,698
7,405000,0.813707689908,0.0,0.0185992824832,0.164223990017,0.00150990485104,0.0,0.0019591327406,0.0,0.0,0.0,755
7,406000,0.813824523405,0.0,0.0185970087944,0.16411798022,0.00150618344319,0.0,0.00195430413703,0.0,0.0,0.0,776
7,407000,0.813882593984,0.0,0.0185887685096,0.164057989011,0.00151491633812,0.0,0.00195573215782,0.0,0.0,0.0,803
7,408000,0.813957377232,0.0,0.018592494875,0.163975647672,0.00151118212841,0.0,0.00196329809306,0.0,0.0,0.0,838
7,409000,0.814060385891,0.0,0.0185840762639,0.163883379979,0.00151366312655,0.0,0.00195849473925,0.0,0.0,0.0,63
7,410000,0.814145547776,0.0,0.0185817473622,0.1637967163,0.00151612267035,0.0,0.00195986589094,0.0,0.0,0.0,94
7,411000,0.81433208735,0.0,0.0185852350974,0.163609089121,0.00151239425536,0.0,0.00196119417667,0.0,0.0,0.0,114
7,412000,0.814507028433,0.0,0.0185952947526,0.163426391581,0.00151485415696,0.0,0.0019564310772,0.0,0.0,0.0,136
7,413000,0.814609972469,0.0,0.0185928418477,0.163322116855,0.00151116549403,0.0,0.00196390333435,0.0,0.0,0.0,170
7,414000,0.814706761961,0.0,0.0185848647791,0.163235536459,0.00150754075548,0.0,0.0019652960456,0.0,0.0,0.0,203
7,415000,0.814859689606,0.0,0.0185883112218,0.163081531633,0.00150995780642,0.0,0.00196050973253,0.0,0.0,0.0,229
7,416000,0.814894676741,0.0,0.0185864573969,0.163050608615,0.00150635340995,0.0,0.00196190383634,0.0,0.0,0.0,253
7,417000,0.814968096903,0.0,0.0185783277081,0.162975440978,0.00150880743618,0.0,0.00196932697493,0.0,0.0,0.0,285
7,418000,0.81499885145,0.0,0.018582326841,0.1629429473,0.00151124974309,0.0,0.00196462466601,0.0,0.0,0.0,306
7,419000,0.815067873576,0.0,0.0185860827509,0.162878490921,0.00150763163132,0.0,0.00195992112071,0.0,0.0,0.0,266
7,420000,0.815152390235,0.0,0.0185840282039,0.162798252897,0.00150404889964,0.0,0.00196127976513,0.0,0.0,0.0,288
7,421000,0.815233831085,0.0,0.0185876506458,0.162703461852,0.00151245978778,0.0,0.00196259662938,0.0,0.0,0.0,309
7,422000,0.815336622518,0.0,0.0185854908629,0.162611069863,0.00150887361387,0.0,0.00195794314181,0.0,0.0,0.0,335
7,423000,0.815397113639,0.0,0.0185833412979,0.162548982127,0.00151127783618,0.0,0.00195928509988,0.0,0.0,0.0,362
7,424000,0.815421563252,0.0,0.0185871612119,0.162511024767,0.00151367071107,0.0,0.00196658005769,0.0,0.0,0.0,405
7,425000,0.815490169266,0.0,0.0185675130948,0.162470198636,0.00151013395007,0.0,0.00196198505324,0.0,0.0,0.0,473
7,426000,0.815586557054,0.0,0.0185593793373,0.162390120645,0.00150657793279,0.0,0.00195736503078,0.0,0.0,0.0,494
7,427000,0.815694326917,0.0,0.018563118746,0.162280831524,0.00150303862336,0.0,0.00195868419028,0.0,0.0,0.0,516
7,428000,0.815770985967,0.0,0.0185787575198,0.162184819378,0.00150542839769,0.0,0.00196000873739,0.0,0.0,0.0,539
7,429000,0.815347100331,0.0,0.0185713107705,0.162618242646,0.00150785142951,0.0,0.00195549482265,0.0,0.0,0.0,569
7,430000,0.814889903566,0.0,0.0185697747533,0.163084933213,0.00150438681546,0.0,0.0019510016513,0.0,0.0,0.0,587
7,431000,0.814557500073,0.0,0.0185794271978,0.163403980887,0.00150675695483,0.0,0.00195233488699,0.0,0.0,0.0,607
7,432000,0.814267581495,0.0,0.0185831856388,0.163692304093,0.0015091161142,0.0,0.00194781265903,0.0,0.0,0.0,641
7,433000,0.813825099939,0.0,0.018592979487,0.164121268711,0.00151148201103,0.0,0.00194916985206,0.0,0.0,0.0,661
7,434000,0.813444350636,0.0,0.0185973390783,0.1645055169,0.00150804972488,0.0,0.00194474366066,0.0,0.0,0.0,682
7,435000,0.812994150076,0.0,0.0186012466669,0.164948094273,0.00151040728713,0.0,0.00194610169688,0.0,0.0,0.0,742
7,436000,0.812553974556,0.0,0.0186165125916,0.16536934535,0.00151273654621,0.0,0.00194743095604,0.0,0.0,0.0,769
7,437000,0.812137859249,0.0,0.0186318163419,0.1657722778,0.00150928121205,0.0,0.0019487653964,0.0,0.0,0.0,788
7,438000,0.811790702907,0.0,0.0186414959353,0.166106056323,0.00151162857786,0.0,0.00195011625693,0.0,0.0,0.0,808
7,439000,0.81188586165,0.0,0.0186335403727,0.166015231495,0.00151393917764,0.0,0.00195142730502,0.0,0.0,0.0,88
7,440000,0.811926394744,0.0,0.0186425297787,0.165967906822,0.00151046991121,0.0,0.00195269874453,0.0,0.0,0.0,69
7,441000,0.811988585574,0.0,0.0186458548213,0.165898828761,0.00151275527745,0.0,0.00195397556671,0.0,0.0,0.0,94
7,442000,0.812089093175,0.0,0.0186373043369,0.165814838953,0.00150927863342,0.0,0.0019494849015,0.0,0.0,0.0,111
7,443000,0.812194468054,0.0,0.0186356661666,0.165707408062,0.00151161663121,0.0,0.00195084108631,0.0,0.0,0.0,149
7,444000,0.812300092199,0.0,0.0186333989733,0.165611874381,0.00150820119973,0.0,0.00194643324645,0.0,0.0,0.0,171
7,445000,0.81237684764,0.0,0.0186368204971,0.165528128425,0.00151047966247,0.0,0.00194772377529,0.0,0.0,0.0,214
7,446000,0.812459276467,0.0,0.0186350888127,0.16544944616,0.00150712484773,0.0,0.00194906371285,0.0,0.0,0.0,241
7,447000,0.812545224313,0.0,0.0186324167873,0.165362698987,0.00150936143271,0.0,0.00195029848046,0.0,0.0,0.0,263
7,448000,0.812655114841,0.0,0.0186307025856,0.165262172285,0.00150602409639,0.0,0.00194598619196,0.0,0.0,0.0,283
7,449000,0.812720191799,0.0,0.0186283668944,0.165195907387,0.00150265074345,0.0,0.00195288317594,0.0,0.0,0.0,300
7,450000,0.812802183301,0.0,0.0186209491293,0.165128959619,0.001499334565,0.0,0.00194857338597,0.0,0.0,0.0,342
7,451000,0.812864546855,0.0,0.0186188541813,0.165065135173,0.00150161086987,0.0,0.00194985292058,0.0,0.0,0.0,358
7,452000,0.812945497644,0.0,0.0186221509115,0.16497738619,0.00150386028076,0.0,0.00195110497392,0.0,0.0,0.0,390
7,453000,0.812972755874,0.0,0.0186201664547,0.164948568624,0.00150612490796,0.0,0.00195238413995,0.0,0.0,0.0,415
7,454000,0.813068766872,0.0,0.0186068516406,0.164862382768,0.0015083627863,0.0,0.00195363593354,0.0,0.0,0.0,443
7,455000,0.813150134123,0.0,0.0186050128014,0.164784876068,0.00151061596477,0.0,0.00194936104277,0.0,0.0,0.0,468
7,456000,0.813217626457,0.0,0.0186028727224,0.164716052667,0.00150729263643,0.0,0.00195615551713,0.0,0.0,0.0,485
7,457000,0.813320063034,0.0,0.0185950070498,0.164629122778,0.00150396726659,0.0,0.00195183987172,0.0,0.0,0.0,515
7,458000,0.813394832523,0.0,0.0185932060315,0.164552632015,0.0015062152067,0.0,0.00195311422408,0.0,0.0,0.0,532
7,459000,0.813467880009,0.0,0.0185965086129,0.164478356373,0.00150291499447,0.0,0.00195434001112,0.0,0.0,0.0,551
7,460000,0.813500107118,0.0,0.018594507891,0.16445015738,0.00150513889576,0.0,0.0019500887153,0.0,0.0,0.0,572
7,461000,0.813593510195,0.0,0.0185978951984,0.164355404517,0.0015018636264,0.0,0.00195132646349,0.0,0.0,0.0,592
7,462000,0.813669080487,0.0,0.018595900151,0.164283839069,0.00149861077687,0.0,0.00195256951585,0.0,0.0,0.0,612
7,463000,0.813705104486,0.0,0.0185994727966,0.164240767119,0.00150083774034,0.0,0.00195381785833,0.0,0.0,0.0,637
7,464000,0.813825702912,0.0,0.0185918346231,0.164129848771,0.00150303056707,0.0,0.00194958312685,0.0,0.0,0.0,101
7,465000,0.813865658097,0.0,0.0185900675459,0.164093618732,0.00149981252343,0.0,0.00195084310113,0.0,0.0,0.0,72
7,466000,0.813882366976,0.0,0.0185933272241,0.164075674679,0.00150199814555,0.0,0.00194663297564,0.0,0.0,0.0,103
7,467000,0.813948077527,0.0,0.0185916651336,0.164013548757,0.00149880420314,0.0,0.00194790437954,0.0,0.0,0.0,131
7,468000,0.813989525404,0.0,0.0185951082555,0.163965228659,0.00150099886615,0.0,0.0019491388154,0.0,0.0,0.0,147
7,469000,0.814030796418,0.0,0.0185931489284,0.163927890262,0.00149779640744,0.0,0.00195036798379,0.0,0.0,0.0,167
7,470000,0.814140404073,0.0,0.0186015504876,0.163817296216,0.0014945754438,0.0,0.00194617377934,0.0,0.0,0.0,188
7,471000,0.814241187105,0.0,0.0186048507803,0.163715176258,0.00149139230592,0.0,0.00194739355053,0.0,0.0,0.0,209
7,472000,0.814308427775,0.0,0.0186082366608,0.163641132983,0.00149893736048,0.0,0.00194326522091,0.0,0.0,0.0,237
7,473000,0.814329289465,0.0,0.0186060674049,0.163619075092,0.00149575046609,0.0,0.00194981757186,0.0,0.0,0.0,274
7,474000,0.814444035758,0.0,0.0186094363862,0.16350290256,0.0014925930072,0.0,0.00195103228799,0.0,0.0,0.0,302
7,475000,0.814533074447,0.0,0.018607867649,0.163417293933,0.00149480011703,0.0,0.0019469638535,0.0,0.0,0.0,360
7,476000,0.814622338534,0.0,0.0186110211643,0.163326839471,0.00149164202715,0.0,0.00194815880414,0.0,0.0,0.0,378
7,477000,0.814697687231,0.0,0.0186091599657,0.163255252201,0.00149381813559,0.0,0.00194408246724,0.0,0.0,0.0,411
7,478000,0.814746290433,0.0,0.0186073065395,0.163210394718,0.00149069898981,0.0,0.00194530932004,0.0,0.0,0.0,428
7,479000,0.814802897068,0.0,0.0186157165389,0.163152591905,0.00148756930121,0.0,0.0019412251874,0.0,0.0,0.0,45
7,480000,0.814898063389,0.0,0.0186186312648,0.163051202552,0.00148970105964,0.0,0.001942401735,0.0,0.0,0.0,36
7,481000,0.815007039146,0.0,0.0186169653926,0.162950978126,0.00148662562249,0.0,0.00193839171272,0.0,0.0,0.0,58
7,482000,0.815051294552,0.0,0.0186149160468,0.162900173516,0.00148877391081,0.0,0.00194484197504,0.0,0.0,0.0,83
7,483000,0.815094398845,0.0,0.0186129725827,0.162855663146,0.00149092107535,0.0,0.00194604435098,0.0,0.0,0.0,124
7,484000,0.815189529791,0.0,0.0186058166669,0.162769572912,0.00148783887488,0.0,0.00194724175555,0.0,0.0,0.0,159
7,485000,0.815316488669,0.0,0.0186038030737,0.162651732222,0.00148476165668,0.0,0.00194321437874,0.0,0.0,0.0,218
7,486000,0.815366859199,0.0,0.0186068032587,0.162600273461,0.00148688061804,0.0,0.00193918346339,0.0,0.0,0.0,237
7,487000,0.815448550661,0.0,0.0185947090167,0.162532491452,0.00148384117711,0.0,0.00194040769315,0.0,0.0,0.0,256
7,488000,0.815498441561,0.0,0.0186184258214,0.162455602614,0.00148595334003,0.0,0.0019415766638,0.0,0.0,0.0,275
7,489000,0.815544314524,0.0,0.0186165952764,0.162418555625,0.00148292057849,0.0,0.00193761399629,0.0,0.0,0.0,306
7,490000,0.815613478743,0.0,0.0186144842344,0.162348209452,0.00148503364529,0.0,0.0019387939258,0.0,0.0,0.0,330
7,491000,0.815688857556,0.0,0.0186179108625,0.162276345785,0.00148202275522,0.0,0.00193486304154,0.0,0.0,0.0,346
7,492000,0.815750417255,0.0,0.0186211323662,0.162208242393,0.00147900885865,0.0,0.00194119912697,0.0,0.0,0.0,370
7,493000,0.81582480884,0.0,0.0186138045551,0.162143047498,0.00148110944835,0.0,0.00193722965909,0.0,0.0,0.0,393
7,494000,0.815859328249,0.0,0.0186120019026,0.162101892911,0.00148323180867,0.0,0.00194354512861,0.0,0.0,0.0,423
7,495000,0.81590203765,0.0,0.018605292172,0.162067663032,0.00148025644167,0.0,0.0019447507044,0.0,0.0,0.0,451
7,496000,0.815954357903,0.0,0.0186134175539,0.162003973308,0.00148234934542,0.0,0.00194590188987,0.0,0.0,0.0,505
7,497000,0.816034690485,0.0,0.018611058863,0.161927904388,0.00147932754142,0.0,0.0019470187229,0.0,0.0,0.0,527
7,498000,0.816049558097,0.0,0.0186096538848,0.161911091719,0.00148146644884,0.0,0.00194822985053,0.0,0.0,0.0,545
7,499000,0.816092477822,0.0,0.0185978450196,0.161881759631,0.00147851095718,0.0,0.00194940657026,0.0,0.0,0.0,578
7,500000,0.816147191397,0.0,0.018601055121,0.161830695531,0.00147555232147,0.0,0.00194550562933,0.0,0.0,0.0,601
7,501000,0.816202613357,0.0,0.0186041585766,0.161768933224,0.00147764122064,0.0,0.00194665362173,0.0,0.0,0.0,623
7,502000,0.81628801224,0.0,0.0186022165628,0.161687285466,0.00147468870479,0.0,0.00194779702646,0.0,0.0,0.0,649
7,503000,0.816408231743,0.0,0.0186002822943,0.161575825158,0.00147174796442,0.0,0.00194391284037,0.0,0.0,0.0,672
7,504000,0.816451857088,0.0,0.0185984489595,0.161535800761,0.00147383935151,0.0,0.00194005384025,0.0,0.0,0.0,703
7,505000,0.816562185744,0.0,0.0185964368086,0.161419272853,0.00147590768323,0.0,0.0019461969111,0.0,0.0,0.0,778
7,506000,0.81659126996,0.0,0.0186045118188,0.161383904051,0.00147298201464,0.0,0.00194733215495,0.0,0.0,0.0,787
7,507000,0.816657364403,0.0,0.0186028664261,0.161321187235,0.00147507325533,0.0,0.00194350868101,0.0,0.0,0.0,813
7,508000,0.816715075797,0.0,0.0186010424541,0.161267059245,0.00147216806589,0.0,0.00194465443839,0.0,0.0,0.0,831
7,509000,0.816782487839,0.0,0.0185942618882,0.161208180284,0.00147423806215,0.0,0.00194083192693,0.0,0.0,0.0,31
7,510000,0.816842449433,0.0,0.0185971395875,0.161147137358,0.00147132404302,0.0,0.00194194957867,0.0,0.0,0.0,76
7,511000,0.816874737337,0.0,0.0186002818225,0.161108501644,0.00147338755531,0.0,0.00194309164174,0.0,0.0,0.0,100
7,512000,0.816871036984,0.0,0.0185981100886,0.161116182675,0.00147047938615,0.0,0.00194419086625,0.0,0.0,0.0,131
7,513000,0.816907165723,0.0,0.0185964048264,0.161073627185,0.00147746860379,0.0,0.00194533366166,0.0,0.0,0.0,161
7,514000,0.816975762253,0.0,0.0185948889861,0.161013158477,0.00147461451119,0.0,0.00194157577307,0.0,0.0,0.0,138
7,515000,0.817067307692,0.0,0.0185881083203,0.160925235479,0.00147664835165,0.0,0.00194270015699,0.0,0.0,0.0,173
7,516000,0.817138016804,0.0,0.0185912375879,0.160858026988,0.00147378522885,0.0,0.00193893339078,0.0,0.0,0.0,230
7,517000,0.81720177882,0.0,0.0185847627425,0.160802423887,0.0014709475639,0.0,0.00194008698627,0.0,0.0,0.0,252
7,518000,0.817228950333,0.0,0.0185829183473,0.16076906944,0.00147297672989,0.0,0.00194608514976,0.0,0.0,0.0,272
7,519000,0.817260884804,0.0,0.0185859490615,0.160730975933,0.00147499805281,0.0,0.00194719214892,0.0,0.0,0.0,301
7,520000,0.817346140578,0.0,0.0185889680839,0.160649302063,0.0014721529873,0.0,0.00194343628687,0.0,0.0,0.0,326
7,521000,0.817377726484,0.0,0.018587126245,0.160616435035,0.00147416811336,0.0,0.00194454412321,0.0,0.0,0.0,351
7,522000,0.817460663172,0.0,0.0185854713885,0.160536849085,0.00147134981826,0.0,0.00194566653599,0.0,0.0,0.0,373
7,523000,0.817500688376,0.0,0.0185789023666,0.160500268104,0.0014733658923,0.0,0.00194677526098,0.0,0.0,0.0,397
7,524000,0.817571248801,0.0,0.0185770007763,0.160433350851,0.00147053860284,0.0,0.00194786096901,0.0,0.0,0.0,420
7,525000,0.817631461172,0.0,0.0185756428087,0.160376132705,0.00147257686514,0.0,0.00194418644941,0.0,0.0,0.0,448
7,526000,0.817372258567,0.0,0.0185788255185,0.160629028694,0.00147458620325,0.0,0.00194530101732,0.0,0.0,0.0,510
7,527000,0.817034700315,0.0,0.0185822634309,0.160959987727,0.0014766091684,0.0,0.00194643935835,0.0,0.0,0.0,532
7,528000,0.816662758815,0.0,0.0185902067652,0.161325670755,0.001473818194,0.0,0.00194754547064,0.0,0.0,0.0,563
7,529000,0.81631132508,0.0,0.0185981201284,0.161666093535,0.00147581384686,0.0,0.00194864740945,0.0,0.0,0.0,579
7,530000,0.816348225693,0.0,0.018601147913,0.161627862632,0.00147302785882,0.0,0.00194973590374,0.0,0.0,0.0,611
7,531000,0.816415282866,0.0,0.0186087453014,0.161545415616,0.00147499643146,0.0,0.00195555978494,0.0,0.0,0.0,630
7,532000,0.816433724183,0.0,0.018611653298,0.161525785142,0.00147221549436,0.0,0.00195662188282,0.0,0.0,0.0,652
7,533000,0.816503367889,0.0,0.0186098984182,0.16145959244,0.00147419215692,0.0,0.00195294909534,0.0,0.0,0.0,680
7,534000,0.816578349735,0.0,0.0186127933384,0.16138342165,0.00147142316427,0.0,0.00195401211204,0.0,0.0,0.0,699
7,535000,0.81670373676,0.0,0.0186200480731,0.161247821837,0.00147335911712,0.0,0.0019550342131,0.0,0.0,0.0,762
7,536000,0.816788747796,0.0,0.0186185506755,0.161161231935,0.00147534338264,0.0,0.00195612621021,0.0,0.0,0.0,796
7,537000,0.816867481216,0.0,0.018626117967,0.161071930972,0.00147729250862,0.0,0.00195717733626,0.0,0.0,0.0,813
7,538000,0.816936529106,0.0,0.0186289610609,0.161006442887,0.00147453838496,0.0,0.00195352856096,0.0,0.0,0.0,839
7,539000,0.816955873668,0.0,0.0186226809536,0.160990334768,0.00147650251709,0.0,0.00195460809405,0.0,0.0,0.0,35
7,540000,0.817033859052,0.0,0.0186255199098,0.160911204787,0.00147376005315,0.0,0.00195565619751,0.0,0.0,0.0,79
7,541000,0.817085244095,0.0,0.0186281743549,0.160858885392,0.001471014019,0.0,0.00195668213955,0.0,0.0,0.0,102
7,542000,0.817051228266,0.0,0.0186267654873,0.160891250641,0.00147298746096,0.0,0.00195776814432,0.0,0.0,0.0,122
7,543000,0.817109995487,0.0,0.0186249284641,0.16083135204,0.00147491939124,0.0,0.00195880461738,0.0,0.0,0.0,155
7,544000,0.817190068827,0.0,0.0186139827793,0.160763879213,0.00147221370784,0.0,0.00195985547227,0.0,0.0,0.0,177
7,545000,0.817271543072,0.0,0.0186121760253,0.160685892295,0.00147413996913,0.0,0.00195624863827,0.0,0.0,0.0,174
7,546000,0.817332518948,0.0,0.0186105481366,0.160628186975,0.00147144562592,0.0,0.00195730031372,0.0,0.0,0.0,230
7,547000,0.817136311781,0.0,0.0186087542896,0.160818618915,0.00147798495227,0.0,0.00195833006175,0.0,0.0,0.0,259
7,548000,0.817186405046,0.0,0.01862114115,0.160753144248,0.00147991738281,0.0,0.0019593921735,0.0,0.0,0.0,296
7,549000,0.817217512954,0.0,0.0186238506779,0.160721024197,0.00147720683657,0.0,0.00196040533451,0.0,0.0,0.0,322
7,550000,0.817248063796,0.0,0.0186178764688,0.160698044043,0.00147454684098,0.0,0.00196146885077,0.0,0.0,0.0,301
7,551000,0.817328546341,0.0,0.0186160822776,0.160621025168,0.00147644790477,0.0,0.0019578983085,0.0,0.0,0.0,320
7,552000,0.817386687659,0.0,0.0186187863005,0.160561858949,0.00147375840431,0.0,0.00195890868648,0.0,0.0,0.0,341
7,553000,0.817442949494,0.0,0.0186170820294,0.160504374443,0.00147566073509,0.0,0.00195993329831,0.0,0.0,0.0,360
7,554000,0.817486558098,0.0,0.0186111630495,0.160472826607,0.00147302270644,0.0,0.00195642953889,0.0,0.0,0.0,385
7,555000,0.817570581862,0.0,0.01860484172,0.160392217559,0.00147491282537,0.0,0.00195744603367,0.0,0.0,0.0,406
7,556000,0.817622494559,0.0,0.0186076311736,0.16033916327,0.00147225213681,0.0,0.001958458861,0.0,0.0,0.0,466
7,557000,0.817686173832,0.0,0.0186015077155,0.160278682427,0.0014741502091,0.0,0.00195948581641,0.0,0.0,0.0,495
7,558000,0.817705998741,0.0,0.0186088208527,0.160248660935,0.00147602812603,0.0,0.00196049134531,0.0,0.0,0.0,523
7,559000,0.817783683376,0.0,0.0186026331132,0.160178794987,0.00147790598349,0.0,0.00195698254082,0.0,0.0,0.0,550
7,560000,0.817837711027,0.0,0.0185965513819,0.160132458697,0.0014752722712,0.0,0.00195800662293,0.0,0.0,0.0,571
7,561000,0.817875172821,0.0,0.0186038342543,0.160084845373,0.00147263466501,0.0,0.00196351288668,0.0,0.0,0.0,589
7,562000,0.817934978062,0.0,0.0186065956988,0.160019420269,0.00147450190606,0.0,0.00196450406387,0.0,0.0,0.0,612
7,563000,0.817990082793,0.0,0.0186048598802,0.159967690547,0.00147187507012,0.0,0.00196549170948,0.0,0.0,0.0,632
7,564000,0.818059244859,0.0,0.018603046904,0.159901990208,0.00147373041932,0.0,0.00196198760991,0.0,0.0,0.0,665
7,565000,0.818131005773,0.0,0.0185969352394,0.15983795313,0.0014711208689,0.0,0.0019629849892,0.0,0.0,0.0,685
7,566000,0.818225642307,0.0,0.0185996893356,0.159742184292,0.00147297755718,0.0,0.00195950650788,0.0,0.0,0.0,742
7,567000,0.818280652664,0.0,0.0185978951496,0.159690599464,0.00147036545265,0.0,0.0019604872702,0.0,0.0,0.0,768
7,568000,0.818315252926,0.0,0.0185919076276,0.159659118708,0.00147223000592,0.0,0.00196149073296,0.0,0.0,0.0,797
7,569000,0.818371931943,0.0,0.0185859411075,0.159614428302,0.00146964799489,0.0,0.0019580506518,0.0,0.0,0.0,66
7,570000,0.81837683549,0.0,0.0185931274128,0.159595073154,0.00147149423148,0.0,0.00196346971248,0.0,0.0,0.0,72
7,571000,0.81840705772,0.0,0.0185955349479,0.15955968888,0.00147330790808,0.0,0.00196441054411,0.0,0.0,0.0,109
7,572000,0.818433570511,0.0,0.0185899219568,0.159535892374,0.00147518031208,0.0,0.00196543484694,0.0,0.0,0.0,137
7,573000,0.818496457403,0.0,0.0185881637134,0.159476392238,0.00147259171733,0.0,0.00196639492794,0.0,0.0,0.0,166
7,574000,0.818517116625,0.0,0.0185910583347,0.159454415816,0.00147003160128,0.0,0.00196737762207,0.0,0.0,0.0,182
7,575000,0.818560469592,0.0,0.0185806803104,0.159418634283,0.00147186755828,0.0,0.00196834825705,0.0,0.0,0.0,204
7,576000,0.818628783958,0.0,0.0185787843966,0.159349479391,0.00147367128359,0.0,0.00196928097122,0.0,0.0,0.0,270
7,577000,0.818670204382,0.0,0.018581761502,0.159306642848,0.00147112909158,0.0,0.00197026217622,0.0,0.0,0.0,291
7,578000,0.818748825357,0.0,0.018575743139,0.159240011714,0.00146857639875,0.0,0.00196684339119,0.0,0.0,0.0,311
7,579000,0.818790687121,0.0,0.0185742709042,0.159201179817,0.00146604534269,0.0,0.00196781681414,0.0,0.0,0.0,340
7,580000,0.818819337669,0.0,0.0185771594587,0.159162481543,0.00146787871924,0.0,0.00197314261073,0.0,0.0,0.0,340
7,581000,0.818884250804,0.0,0.018579876511,0.159096443169,0.00146969301678,0.0,0.00196973649883,0.0,0.0,0.0,375
7,582000,0.818926450672,0.0,0.018573983401,0.159061707817,0.00146716671876,0.0,0.00197069139146,0.0,0.0,0.0,396
7,583000,0.818972838993,0.0,0.0185724437973,0.159018425112,0.00146898237221,0.0,0.00196730972562,0.0,0.0,0.0,432
7,584000,0.818888509173,0.0,0.0185666639269,0.159101428837,0.00147512404452,0.0,0.00196827401835,0.0,0.0,0.0,464
7,585000,0.818560280533,0.0,0.018561144244,0.159436687842,0.00147262684672,0.0,0.00196926053403,0.0,0.0,0.0,438
7,586000,0.818250012933,0.0,0.0185724878856,0.159732880374,0.00147441756195,0.0,0.00197020124506,0.0,0.0,0.0,469
7,587000,0.817941975218,0.0,0.0185712010811,0.160039423454,0.00147622757146,0.0,0.00197117267559,0.0,0.0,0.0,516
7,588000,0.817963083903,0.0,0.0185654624824,0.160025607534,0.00147372220122,0.0,0.0019721238786,0.0,0.0,0.0,556
7,589000,0.817980612508,0.0,0.0185682422579,0.160006862829,0.00147121901004,0.0,0.00197306339538,0.0,0.0,0.0,569
7,590000,0.81802611127,0.0,0.0185579282261,0.159968998754,0.00147298738112,0.0,0.00197397436831,0.0,0.0,0.0,589
7,591000,0.818066788639,0.0,0.0185566745892,0.159931091086,0.00147051279859,0.0,0.00197493288648,0.0,0.0,0.0,609
7,592000,0.818137591697,0.0,0.0185592175171,0.159859344261,0.00146800892754,0.0,0.00197583759724,0.0,0.0,0.0,631
7,593000,0.818192275249,0.0,0.0185663283999,0.159794824604,0.00146979882927,0.0,0.00197677291821,0.0,0.0,0.0,673
7,594000,0.818258373206,0.0,0.0185645933014,0.159732057416,0.00147155768208,0.0,0.00197341839447,0.0,0.0,0.0,699
7,595000,0.818294914635,0.0,0.018563258166,0.159698368285,0.00146909591158,0.0,0.00197436300256,0.0,0.0,0.0,717
7,596000,0.818376802011,0.0,0.0185700903284,0.159606980421,0.00147085627572,0.0,0.00197527096394,0.0,0.0,0.0,739
7,597000,0.818420718548,0.0,0.0185688290804,0.159570056282,0.00146841013922,0.0,0.00197198595066,0.0,0.0,0.0,803
7,598000,0.818501353995,0.0,0.0185630336238,0.159492537187,0.00147017198477,0.0,0.00197290320945,0.0,0.0,0.0,822
7,599000,0.818541074456,0.0,0.0185655360893,0.159447673193,0.00146769799162,0.0,0.00197801827031,0.0,0.0,0.0,37
7,600000,0.818574159376,0.0,0.0185682646883,0.159409183923,0.0014694613098,0.0,0.00197893070374,0.0,0.0,0.0,60
7,601000,0.818152393683,0.0,0.0185836727659,0.159808656688,0.00147542844172,0.0,0.0019798484218,0.0,0.0,0.0,104
7,602000,0.817421848443,0.0,0.0185952234071,0.160533306475,0.00147301363482,0.0,0.00197660803988,0.0,0.0,0.0,126
7,603000,0.816701302184,0.0,0.0186026244784,0.161243694381,0.00147480266135,0.0,0.0019775762959,0.0,0.0,0.0,149
7,604000,0.81596559917,0.0,0.018605896329,0.161977545762,0.0014765920423,0.0,0.00197436669678,0.0,0.0,0.0,170
7,605000,0.815245580552,0.0,0.0186132560461,0.162695810869,0.00147419326548,0.0,0.00197115926716,0.0,0.0,0.0,187
7,606000,0.814541179021,0.0,0.0186246836472,0.163390217767,0.00147596552745,0.0,0.0019679540366,0.0,0.0,0.0,205
7,607000,0.813523762743,0.0,0.0186363844498,0.164397304239,0.00147359394578,0.0,0.00196895462246,0.0,0.0,0.0,262
